epoch,mse
0,1.106512
1,1.986610
2,0.116463
3,0.004725
4,0.004502
5,0.004496
6,0.004489
7,0.004484
8,0.004477
9,0.004469
10,0.004463
11,0.004457
12,0.004450
13,0.004445
14,0.004440
15,0.004435
16,0.004429
17,0.004424
18,0.004419
19,0.004414
20,0.004409
21,0.004404
22,0.004398
23,0.004392
24,0.004387
25,0.004382
