epoch,mse
0,1.106721
1,2.358597
2,1.978469
3,0.108753
4,0.004702
5,0.004505
6,0.004497
7,0.004492
8,0.004487
9,0.004480
10,0.004474
11,0.004467
12,0.004460
13,0.004455
14,0.004450
15,0.004444
16,0.004438
17,0.004434
18,0.004428
19,0.004423
20,0.004419
21,0.004414
22,0.004414
23,0.004406
24,0.004400
25,0.004392
