epoch,mse
0,0.312461
1,0.717748
2,0.714888
3,0.563275
4,0.251274
5,0.150476
6,0.144269
7,0.154144
8,0.152197
9,0.124374
10,0.080972
11,0.043855
12,0.020822
13,0.009155
14,0.003807
15,0.001538
16,0.000605
17,0.000236
18,0.000091
19,0.000035
20,0.000013
21,0.000005
22,0.000002
23,0.000001
24,0.000000
25,0.000000
