epoch,mse
0,0.341207
1,0.369199
2,0.183031
3,0.069925
4,0.023881
5,0.008727
6,0.005059
7,0.004784
8,0.005216
9,0.005641
10,0.005927
11,0.006066
12,0.006127
13,0.006145
14,0.006140
15,0.006138
16,0.006141
17,0.006133
18,0.006115
19,0.006092
20,0.006068
21,0.006040
22,0.006012
23,0.005987
24,0.005961
25,0.005935
