epoch,mse
0,0.477141
1,0.085737
2,0.027291
3,0.006739
4,0.002623
5,0.001590
6,0.001163
7,0.000927
8,0.000774
9,0.000664
10,0.000580
11,0.000513
12,0.000458
13,0.000414
14,0.000377
15,0.000347
16,0.000322
17,0.000302
18,0.000285
19,0.000272
20,0.000261
21,0.000252
22,0.000245
23,0.000239
24,0.000235
25,0.000231
