epoch,mse
0,0.248934
1,0.064887
2,0.021371
3,0.014825
4,0.011308
5,0.011087
6,0.011576
7,0.013334
8,0.016237
9,0.019664
10,0.023069
11,0.026039
12,0.029938
13,0.031842
14,0.031703
15,0.030756
16,0.029398
17,0.027290
18,0.025229
19,0.022828
20,0.020227
21,0.017598
22,0.015545
23,0.013832
24,0.012376
25,0.011395
