epoch,mse
0,0.273250
1,0.040593
2,0.027619
3,0.022293
4,0.018755
5,0.016267
6,0.014867
7,0.014107
8,0.013519
9,0.013009
10,0.025518
11,-nan
12,-nan
13,-nan
14,-nan
15,-nan
16,-nan
17,-nan
18,-nan
19,-nan
20,-nan
21,-nan
22,-nan
23,-nan
24,-nan
25,-nan
