epoch,mse
0,0.229206
1,0.009132
2,0.010375
3,0.009157
4,0.008348
5,0.007902
6,0.007626
7,0.007442
8,0.007301
9,0.007183
10,0.007078
11,0.006972
12,0.006859
13,0.006738
14,0.006610
15,0.006476
16,0.006335
17,0.006189
18,0.006037
19,0.005883
20,0.005726
21,0.005570
22,0.005416
23,0.005264
24,0.005118
25,0.004971
