epoch,mse
0,0.180649
1,0.380580
2,0.238095
3,0.122118
4,0.063860
5,0.035301
6,0.020333
7,0.012658
8,0.008612
9,0.006389
10,0.005118
11,0.004377
12,0.003923
13,0.003638
14,0.003459
15,0.003349
16,0.003283
17,0.003247
18,0.003232
19,0.003230
20,0.003235
21,0.003242
22,0.003251
23,0.003260
24,0.003268
25,0.003276
