epoch,mse
0,0.155748
1,0.180124
2,0.084549
3,0.051532
4,0.034105
5,0.022194
6,0.013992
7,0.008828
8,0.005941
9,0.004508
10,0.003855
11,0.003547
12,0.003358
13,0.003193
14,0.003035
15,0.002869
16,0.002705
17,0.002544
18,0.002405
19,0.002286
20,0.002183
21,0.002097
22,0.002023
23,0.001959
24,0.001904
25,0.001855
