epoch,mse
0,0.281873
1,0.012544
2,0.000517
3,0.000309
4,0.000254
5,0.000228
6,0.000213
7,0.000204
8,0.000198
9,0.000196
10,0.000195
11,0.000194
12,0.000195
13,0.000196
14,0.000198
15,0.000200
16,0.000202
17,0.000204
18,0.000206
19,0.000209
20,0.000211
21,0.000214
22,0.000216
23,0.000219
24,0.000221
25,0.000224
