epoch,mse
0,1.106510
1,1.971150
2,0.093712
3,0.004091
4,0.003984
5,0.003979
6,0.003975
7,0.003970
8,0.003965
9,0.003961
10,0.003956
11,0.003952
12,0.003947
13,0.003943
14,0.003938
15,0.003934
16,0.003929
17,0.003925
18,0.003920
19,0.003916
20,0.003912
21,0.003907
22,0.003903
23,0.003899
24,0.003895
25,0.003891
