epoch,mse
0,0.193305
1,0.002502
2,0.002697
3,0.002540
4,0.002006
5,0.001851
6,0.001812
7,0.001807
8,0.001807
9,0.001809
10,0.001811
11,0.001815
12,0.001818
13,0.001819
14,0.001820
15,0.001820
16,0.001819
17,0.001819
18,0.001821
19,0.001822
20,0.001823
21,0.001824
22,0.001825
23,0.001827
24,0.001829
25,0.001831
