epoch,mse
0,0.097612
1,0.005524
2,0.003136
3,0.002912
4,0.002883
5,0.002887
6,0.002901
7,0.002912
8,0.002921
9,0.002922
10,0.002929
11,0.002935
12,0.002943
13,0.002947
14,0.002952
15,0.002959
16,0.002967
17,0.002975
18,0.002986
19,0.002995
20,0.003005
21,0.003015
22,0.003024
23,0.003034
24,0.003043
25,0.003052
