epoch,mse
0,0.165041
1,0.006189
2,0.004803
3,0.004703
4,0.004671
5,0.004655
6,0.004636
7,0.004620
8,0.004609
9,0.004605
10,0.004600
11,0.004601
12,0.004605
13,0.004611
14,0.004622
15,0.004633
16,0.004646
17,0.004662
18,0.004678
19,0.004696
20,0.004713
21,0.004731
22,0.004750
23,0.004768
24,0.004786
25,0.004804
