epoch,mse
0,0.273249
1,0.032116
2,0.023075
3,0.019343
4,0.016930
5,0.014958
6,0.013633
7,0.012820
8,0.012445
9,0.012248
10,0.012133
11,0.012003
12,0.011879
13,0.011783
14,0.011617
15,0.011519
16,0.011361
17,0.011158
18,0.010904
19,0.010750
20,0.010720
21,0.010766
22,0.010745
23,0.010747
24,0.010745
25,0.010762
