epoch,mse
0,0.248934
1,0.062946
2,0.021745
3,0.014626
4,0.012369
5,0.011047
6,0.010152
7,0.009586
8,0.009235
9,0.009021
10,0.008901
11,0.008838
12,0.008793
13,0.008767
14,0.008724
15,0.008687
16,0.008646
17,0.008603
18,0.008551
19,0.008501
20,0.008408
21,0.008361
22,0.008317
23,0.008276
24,0.008240
25,0.008208
